{"cameraMode":{"drawMode":0,"name":"Shaded","section":"Shading Mode"},"sceneLighting":true,"audioPlay":false,"sceneViewState":{"showFog":true,"showMaterialUpdate":false,"showSkybox":true,"showFlares":true,"showImageEffects":true,"showParticleSystems":true},"in2DMode":false,"pivot":{"x":235.09130859375,"y":835.7683715820313,"z":-737.9373779296875},"rotation":{"x":-0.03626751899719238,"y":-0.3848821222782135,"z":0.015137502923607827,"w":-0.9221287369728088},"size":2531.99169921875,"orthographic":false}