{"cameraMode":{"drawMode":0,"name":"Shaded","section":"Shading Mode"},"sceneLighting":true,"audioPlay":false,"sceneViewState":{"showFog":true,"showMaterialUpdate":false,"showSkybox":true,"showFlares":true,"showImageEffects":true,"showParticleSystems":true},"in2DMode":false,"pivot":{"x":376.20233154296877,"y":314.8028869628906,"z":796.9990234375},"rotation":{"x":-0.02070174179971218,"y":0.23677198588848115,"z":-0.005046190228313208,"w":-0.9713318347930908},"size":4767.0615234375,"orthographic":false}